NAME;ECOSYSTEM;SYMBOL
Ethereum;ETHERIUM;ETH
Shiba Inu;ETHERIUM;SHIB
Dai;ETHERIUM;DAI
Mantle;ETHERIUM;MNT
First Digital USD;ETHERIUM;FDUSD
Render;ETHERIUM;RNDR
Arbitrum;ETHERIUM;ARB
Beam;ETHERIUM;BEAM
Ondo;ETHERIUM;ONDO
Wormhole;ETHERIUM;W
The Sandbox;ETHERIUM;SAND
Worldcoin;ETHERIUM;WLD
JasmyCoin;ETHERIUM;JASMY
Starknet;ETHERIUM;STRK
Axelar;ETHERIUM;AXL
Manta Network;ETHERIUM;MANTA
SafePal;ETHERIUM;SFP
OriginTrail;ETHERIUM;TRAC
Centrifuge;ETHERIUM;CFG
Aragon;ETHERIUM;ANT
Arkham;ETHERIUM;ARKM
Loopring;ETHERIUM;LRC
Mask Network;ETHERIUM;MASK
Wrapped Beacon ETH;ETHERIUM;WBETH
Omni Network;ETHERIUM;OMNI
Chromia;ETHERIUM;CHR
ICON;ETHERIUM;ICX
Celer Network;ETHERIUM;CELR
iExec RLC;ETHERIUM;RLC
Marlin;ETHERIUM;POND
Aevo;ETHERIUM;AEVO
CyberConnect;ETHERIUM;CYBER
Venus;ETHERIUM;XVS
IQ;ETHERIUM;IQ
Cartesi;ETHERIUM;CTSI
Phala Network;ETHERIUM;PHA
TrueFi;ETHERIUM;TRU
Gomining;ETHERIUM;GMT
Node AI;ETHERIUM;GPU
MVL;ETHERIUM;MVL
ApeX Protocol;ETHERIUM;APEX
Hashflow;ETHERIUM;HFT
Highstreet;ETHERIUM;HIGH
XYO;ETHERIUM;XYO
Victoria VR;ETHERIUM;VR
ChainGPT;ETHERIUM;CGPT
Stargate Finance;ETHERIUM;STG
TokenFi;ETHERIUM;TOKEN
Forta;ETHERIUM;FORT
Heroes of Mavia;ETHERIUM;MAVIA
Chainge;ETHERIUM;XCHNG
Artificial Liquid Intelligence;ETHERIUM;ALI
PepeFork;ETHERIUM;PORK
Agoras: Currency of Tau;ETHERIUM;AGRS
LimeWire;ETHERIUM;LMWR
Gods Unchained;ETHERIUM;GODS
CLV;ETHERIUM;CLV
Numbers Protocol;ETHERIUM;NUM
Bella Protocol;ETHERIUM;BEL
Astrafer;ETHERIUM;ASTRAFER
Pandora;ETHERIUM;PANDORA
The Root Network;ETHERIUM;ROOT
Moon Tropica;ETHERIUM;CAH
DIA;ETHERIUM;DIA
Cornucopias;ETHERIUM;COPI
Vertex Protocol;ETHERIUM;VRTX
PlayDapp;ETHERIUM;PDA
EURC;ETHERIUM;EURC
iMe Lab;ETHERIUM;LIME
League of Kingdoms Arena;ETHERIUM;LOKA
Litentry;ETHERIUM;LIT
e-Radix;ETHERIUM;EXRD
Vectorspace AI;ETHERIUM;VXV
Stratos;ETHERIUM;STOS
Shapeshift FOX Token;ETHERIUM;FOX
Crypto Asset Governance Alliance;ETHERIUM;CAGA
ONBUFF;ETHERIUM;ONIT
Blocksquare Token;ETHERIUM;BST
Nuco.cloud;ETHERIUM;NCDT
HELLO Labs;ETHERIUM;HELLO
RabbitX;ETHERIUM;RBX
Ternoa;ETHERIUM;CAPS
Carbon browser;ETHERIUM;CSIX
Volt Inu;ETHERIUM;VOLT
DexCheck AI;ETHERIUM;DCK
ParagonsDAO;ETHERIUM;PDT
Aventus;ETHERIUM;AVT
zKML;ETHERIUM;ZKML
GameSwift;ETHERIUM;GSWIFT
Cosplay Token;ETHERIUM;COT
SquidGrow;ETHERIUM;SQUIDGROW
ZUSD;ETHERIUM;ZUSD
Newscrypto;ETHERIUM;NWC
VoluMint;ETHERIUM;VMINT
Byte;ETHERIUM;BYTE
Dvision Network;ETHERIUM;DVI
Ferrum Network;ETHERIUM;FRM
Moby;ETHERIUM;MOBY
Bad Idea AI;ETHERIUM;BAD
Cult DAO;ETHERIUM;CULT
Metacade;ETHERIUM;MCADE
PolkaBridge;ETHERIUM;PBR
Rangers Protocol Gas;ETHERIUM;RPG
SPECTRE AI;ETHERIUM;SPECTRE
GYEN;ETHERIUM;GYEN
Push Protocol;ETHERIUM;PUSH
UniBot;ETHERIUM;UNIBOT
UNCX Network;ETHERIUM;UNCX
Bridge Oracle;ETHERIUM;BRG
Somnium Space Cubes;ETHERIUM;CUBE
Origin DeFi Governance;ETHERIUM;OGV
ERC20;ETHERIUM;ERC20
EML Protocol;ETHERIUM;EML
Lossless;ETHERIUM;LSS
apM Coin;ETHERIUM;APM
Torum;ETHERIUM;XTM
UnMarshal;ETHERIUM;MARSH
PureFi Protocol;ETHERIUM;UFI
Mancium;ETHERIUM;MANC
OpenOcean;ETHERIUM;OOE
Adappter Token;ETHERIUM;ADP
Veloce;ETHERIUM;VEXT
Pintu Token;ETHERIUM;PTU
Lush AI;ETHERIUM;LUSH
Nash;ETHERIUM;NEX
RFOX;ETHERIUM;RFOX
Pikaboss;ETHERIUM;PIKA
ClinTex CTi;ETHERIUM;CTI
Coupon Assets;ETHERIUM;CA
Perion;ETHERIUM;PERC
BBS Network;ETHERIUM;BBS
AXIS Token;ETHERIUM;AXIS
Exeedme;ETHERIUM;XED
Neighbourhoods;ETHERIUM;NHT
ApeBond;ETHERIUM;ABOND
DSLA Protocol;ETHERIUM;DSLA
ASTA;ETHERIUM;ASTA
MAGA VP;ETHERIUM;MVP
Standard;ETHERIUM;STND
Pawthereum;ETHERIUM;PAWTH
Kromatika;ETHERIUM;KROM
AurusX;ETHERIUM;AX
Launchblock.com;ETHERIUM;LBP
3space Art;ETHERIUM;PACE
VNX Swiss Franc;ETHERIUM;VCHF
InsurAce;ETHERIUM;INSUR
Polychain Monsters;ETHERIUM;PMON
TRAVA.FINANCE;ETHERIUM;TRAVA
XY Finance;ETHERIUM;XY
Offshift [Old];ETHERIUM;XFT
The Unfettered Ecosystem;ETHERIUM;SOULS
ZAIBOT;ETHERIUM;ZAI
Unistake;ETHERIUM;UNISTAKE
Fringe Finance;ETHERIUM;FRIN
CEREAL;ETHERIUM;CEP
SafeMoon Inu;ETHERIUM;SMI
UBIX.Network;ETHERIUM;UBX
Shiba Saga;ETHERIUM;SHIA
Hyve;ETHERIUM;HYVE
Alphabet;ETHERIUM;ALPHABET
Don-key;ETHERIUM;DON
Equalizer;ETHERIUM;EQZ
Coreto;ETHERIUM;COR
X;ETHERIUM;X
UBD Network;ETHERIUM;UBDN
8PAY;ETHERIUM;8PAY
Sator;ETHERIUM;SAO
Plasma Finance;ETHERIUM;PPAY
Ekta;ETHERIUM;EKTA
Sable Finance;ETHERIUM;SABLE
ZUM TOKEN;ETHERIUM;ZUM
TheForce Trade;ETHERIUM;FOC
Railgun;ETHERIUM;RAIL
RepubliK;ETHERIUM;RPK
Destra Network;ETHERIUM;DSYNC
Chainflip;ETHERIUM;FLIP
VPS AI;ETHERIUM;VPS
Å¸;ETHERIUM;YAI
Shadow Node;ETHERIUM;SVPN
Animal Concerts;ETHERIUM;ANML
Gaga (Pepe);ETHERIUM;GAGA
Brainers;ETHERIUM;BRAINERS
K9 Finance;ETHERIUM;KNINE
Bitcoiva;ETHERIUM;BCA
Koi Finance;ETHERIUM;KOI
Stader ETHx;ETHERIUM;ETHX
Arbius;ETHERIUM;AIUS
Gorilla In A Coupe;ETHERIUM;GIAC
Juice;ETHERIUM;JUICE
StakeWise Staked ETH;ETHERIUM;osETH
Brazilian Digital Token;ETHERIUM;BRZ
zkLend;ETHERIUM;ZEND
RankerDAO;ETHERIUM;RANKER
Lends;ETHERIUM;LENDS
ECOMI;ETHERIUM;OMI
Faith Tribe;ETHERIUM;FTRB
Ryoshi Research;ETHERIUM;RYOSHI
TypeAI;ETHERIUM;TYPE
GPTPlus;ETHERIUM;GPTPLUS
Spot;ETHERIUM;SPOT
Melos Studio;ETHERIUM;MELOS
THORSwap;ETHERIUM;THOR
NOBLEBLOCKS;ETHERIUM;NOBL
El Hippo;ETHERIUM;HIPP
EQIFI;ETHERIUM;EQX
KAP Games;ETHERIUM;KAP
MetaZero;ETHERIUM;MZERO
FractonX;ETHERIUM;FT
Conic Finance;ETHERIUM;CNC
Storm Warfare;ETHERIUM;JAN
Teq Network;ETHERIUM;TEQ
XOX Labs;ETHERIUM;XOX
X Project;ETHERIUM;XERS
socrates;ETHERIUM;SOC
Betswap.gg;ETHERIUM;BSGG
DeGate;ETHERIUM;DG
bitsCrunch;ETHERIUM;BCUT
Landwolf;ETHERIUM;WOLF
ULTRA Prisma Finance;ETHERIUM;ULTRA
zkHive;ETHERIUM;ZKHIVE
Gradient;ETHERIUM;GDT
JC Coin;ETHERIUM;JCC
Aardvark;ETHERIUM;VARK
QuantixAI;ETHERIUM;QAI
Trace Network Labs;ETHERIUM;TRACE
Super Best Friends;ETHERIUM;SUBF
TPRO Network;ETHERIUM;TPRO
FuturesAI;ETHERIUM;FAI
Defender Bot;ETHERIUM;DFNDR
Whirl;ETHERIUM;WHIRL
Morra;ETHERIUM;MORRA
Invest Club Global;ETHERIUM;ICG
Harambe Coin;ETHERIUM;HARAMBE
Creso;ETHERIUM;CRE
BoxBet;ETHERIUM;BXBT
Fottie;ETHERIUM;FOTTIE
WELD;ETHERIUM;WELD
Dongo AI;ETHERIUM;DONGO
R4RE Token;ETHERIUM;R4RE
Cavada;ETHERIUM;CAVADA
Greelance;ETHERIUM;GRL
Domani Protocol;ETHERIUM;DEXTF
HMX;ETHERIUM;HMX
AQTIS;ETHERIUM;AQTIS
Space Misfits;ETHERIUM;SMCW
Thales;ETHERIUM;THALES
SmartMoney;ETHERIUM;SMRT
OrdBridge;ETHERIUM;BRGE
L;ETHERIUM;$L
iDypius;ETHERIUM;IDYP
Gametree;ETHERIUM;GTCOIN
Doggensnout Skeptic;ETHERIUM;DOGS
AlphaKEK.AI;ETHERIUM;AIKEK
0xScans;ETHERIUM;SCANS
Allbridge;ETHERIUM;ABR
VaultCraft;ETHERIUM;VCX
HYPERCOMIC;ETHERIUM;HYCO
Gas DAO;ETHERIUM;GAS
Meta Masters Guild Games;ETHERIUM;MEMAGX
JPEG'd;ETHERIUM;JPEG
INOVAI;ETHERIUM;INOVAI
Meme Kombat;ETHERIUM;MK
Hoppy;ETHERIUM;HOPPY
Meow Meow Coin;ETHERIUM;MEOW
Dope Wars Paper;ETHERIUM;PAPER
